Follower count:,Post ID,Media Type:,Caption,Likes,Comments,Timestamp,Tags:
303164617,3166571942094250269,1,"The legacy continues.

The Kobe Protro 8 â€˜Haloâ€™ marks the continuation of a storied legacy, pairing a triple white colorway with the iconic Kobe 8 silhouette, embodying the timelessness of an icon never forgotten.

Arriving globally August 23 in SNKRS. Download the App to get notified when it drops. â¬‡ï¸",91535,443,2023-08-10 22:00:13+00:00,"[{'username': 'nikebasketball', 'followers': 15518122}]"
303164617,3165906060975713802,2,"The next generation of Aussie athletes are defining victory on their own terms - playing free and celebrating fearlessly. Because they know that victory isnâ€™t only found in the final. Itâ€™s found in the little moments that feel monumental. ï¸ 

Show the world your victory. #JustDoIt",32650,158,2023-08-09 23:59:16+00:00,"[{'username': 'nike', 'followers': 303164617}, {'username': 'sierrakerr', 'followers': 124804}, {'username': 'bangarrayouthprogram', 'followers': 1970}, {'username': 'ivyboothroydrunning_', 'followers': 1997}, {'username': 'matildas', 'followers': 304551}, {'username': 'indiana.dossantos', 'followers': 3200}, {'username': 'chlo_the_flo', 'followers': 100804}]"
303164617,3165634300661295905,2,"Mamba Forever. ğŸ

The newest shoe in the iconic Kobe line is almost here. Tune into SNKRS â€˜Live From the Archiveâ€™ (North America only) on August 10 for the unveiling and exclusive details on the upcoming release.",152362,740,2023-08-09 15:00:05+00:00,"[{'username': 'nikebasketball', 'followers': 15518122}]"
303164617,3164941214129328634,8,The Nike Air Alpha Force Low X @billieeilish. Versatile for every version of you. Shop now on SNKRS.,248102,841,2023-08-08 16:00:15+00:00,[]
303164617,3162767599354569312,2,"Movement is a celebration of your body â€” and why we move is personal to everyone. But no matter how, when or where you choose to do it, know that you can count on the new Nike Leggings range for the ultimate support. 

Whether itâ€™s the Zenvy, Go or Universa, discover a fit for every mood and a feel for every you. Tap the ğŸ”— in bio and find your perfect pair ğŸƒğŸ§˜ğŸ’ƒ",51490,587,2023-08-05 16:02:29+00:00,"[{'username': 'idiley', 'followers': 479}, {'username': 'nike', 'followers': 303164617}, {'username': 'annnece_ciofani', 'followers': 16118}, {'username': 'dinaashersmith', 'followers': 380761}, {'username': 'poppydenelingham', 'followers': 3433}, {'username': 'intysar', 'followers': 4733}, {'username': 'sophie.yukiko', 'followers': 8405}, {'username': 'gaiaofficial', 'followers': 790624}, {'username': 'aurelielouisalex', 'followers': 8858}, {'username': 'arual.namor', 'followers': 2034}, {'username': 'itstrinanicole', 'followers': 12803}, {'username': 'abrowngirlruns', 'followers': 3620}, {'username': 'hoooney_c2', 'followers': 375}, {'username': 'edwige_ahonto', 'followers': 4106}, {'username': 'nuria_ms_99', 'followers': 8867}, {'username': 'samm_yv', 'followers': 8372}, {'username': 'farrahnawaz1', 'followers': 47}]"
303164617,3162704800625185606,2,"Itâ€™s time to go a little rogue ğŸ˜ˆ
A new gen of #NikeTech premieres for the first time on ğŸ¤ğŸ¤ğŸ¤",60696,324,2023-08-05 14:00:05+00:00,[]
303164617,3161988908389279855,2,"Welcome to @ambush_official Academy, a school where football players rule. Somethingâ€™s â€œoffâ€ about the new girl. Will the others discover her secret? Will they put aside their differences and claim victory? Will we stop asking questions we know the answer to? Nite Sport, coming soon to a theater in your mind. 

Shop now on SNKRS. ğŸ”— in Nikeâ€™s bio.",65539,554,2023-08-04 14:16:14+00:00,"[{'username': 'yoon_ambush', 'followers': 710345}]"
303164617,3161653064099492374,1,"3 WNBA Titles, 2 Finals MVPs, 5 gold medals, 10 All-Star selections, 4-time Female Athlete of The Year, and now we add a new accolade to the list â€“ 10,000 career points.

The legend @dianataurasi is the embodiment of dedication, passion and love for the game.

Congratulations to the ğŸ",54763,380,2023-08-04 03:07:17+00:00,"[{'username': 'nikebasketball', 'followers': 15518122}, {'username': 'dianataurasi', 'followers': 308561}]"
303164617,3161455815563279661,8,"ReactX foam âœ…
Stretchy Flyknit âœ…
Wider midsole âœ…

Support is all around you with the new InfinityRN 4. It feels like a hug from a friend, a smile from another runner or a high-five at the end of a run.

Now available in North America. Coming soon to the rest of the world. ğŸŒ",167965,1131,2023-08-03 20:35:23+00:00,"[{'username': 'nikerunning', 'followers': 5727526}]"
303164617,3160261204005794456,2,"The @selecaofemininadefutebol are coming. Bringing their luggage, contagious joy and a united team committed to bring the Joga Bonito. #JogaForever #NikeFC

A @selecaofeminadefutebol estÃ¡ chegando, trazendo na mala aquela alegria contagiante. Um time unido e preparado pra jogar bonito. #JogaPraSempre #NikeFC",52200,397,2023-08-02 05:04:57+00:00,"[{'username': 'selecaofemininadefutebol', 'followers': 2721456}, {'username': 'nike', 'followers': 303164617}, {'username': 'aryborges', 'followers': 453428}, {'username': 'tainarasilva_99', 'followers': 19035}, {'username': 'debinhaa7', 'followers': 531732}, {'username': 'rafaellesouza4', 'followers': 156466}]"
303164617,3159203052081415025,2,"@naomi_girma is locked in on the worldâ€™s biggest stage âš½

Get Naomiâ€™s inside ğŸ¤« about her journey to the pitch and favorite pieces to wear when sheâ€™s there. Catch her on the field as the @uswnt continues their quest for star number 5 â­

#NikeFC",38265,298,2023-07-31 18:00:36+00:00,"[{'username': 'naomi_girma', 'followers': 84776}]"
303164617,3158715370647794358,2,"â€œEveryoneâ€™s waiting out there for you. You know what to do.â€

@samanthakerr20 is a scoring supernova. Her talent flips the gameâ€”and it can happen anywhere, at any time.

This tournament, Sam is tackling one of the biggest challenges of her careerâ€”and in sport: bringing home ğŸ† to her beloved ğŸ‡¦ğŸ‡º and the @matildas.

The moment is bright and Sam knows exactly what her team needs to hear today. #NikeFC",44265,308,2023-07-31 01:55:48+00:00,"[{'username': 'samanthakerr20', 'followers': 1370567}, {'username': 'nikefootball', 'followers': 45672129}, {'username': 'matildas', 'followers': 304551}]"
303164617,3158597672943694298,2,"Canadaâ€™s premier defender @keishaballa isnâ€™t just here to break up playsâ€”sheâ€™s here to make her own ğŸ˜¤ . 

Her defensive mindset with a hunger for the back of net is something most opposing defenses never see coming. If you sleep on her, sheâ€™ll put the game to bed FASTğŸ’¤ âœŒ . #NikeFC",39340,149,2023-07-30 21:59:08+00:00,"[{'username': 'keishaballa', 'followers': 85190}, {'username': 'nikefootball', 'followers': 45672129}]"
303164617,3157662514430337487,2,"From great goals ğŸ¥³ to bad calls ğŸ¤¬ to teammate shout-outs ğŸ¤©, the language of football takes many forms âš½ï¸ ğŸ—¯ï¸

Hear what @samanthakerr20 @asisat_oshoala @ahegerberg @debinhaa7 @sophsssmith and @cdunn19 had to say ğŸ˜",48309,317,2023-07-29 15:00:28+00:00,"[{'username': 'samanthakerr20', 'followers': 1370567}, {'username': 'nikefootball', 'followers': 45672129}, {'username': 'debinhaa7', 'followers': 531732}, {'username': 'cdunn19', 'followers': 342049}, {'username': 'ahegerberg', 'followers': 836691}, {'username': 'sophsssmith', 'followers': 285937}, {'username': 'asisat_oshoala', 'followers': 1040076}]"
303164617,3157620597680095688,1,"Joga ğŸ¤ Debinha
The spirit of @selecaofemininadefutebol scores her first *ever* goal at the ğŸŒâš½ğŸ† with the Phantom Luna at her feet.

Reminding us why we love this beautiful game.

#NikeFC @debinhaa7 #JogaPraSempre 

O coraÃ§Ã£o da @selecaofemininadefutebol marcou seu *primeirÃ­ssimo* gol na ğŸŒâš½ğŸ† com nossa Phantom Luna.

E Ã© por isso que a gente ama esse esporte incrÃ­vel.",45233,232,2023-07-29 13:35:29+00:00,"[{'username': 'selecaofemininadefutebol', 'followers': 2721456}, {'username': 'nike', 'followers': 303164617}, {'username': 'debinhaa7', 'followers': 531732}]"
303164617,3157283791822727341,2,Her opposition needs to stay on their toes cause @grace_geyoro is trained to play in extreme heat ğŸ¥µ and ready to attack at a momentâ€™s notice. ğŸ˜ˆ ğŸ‘Ÿ #NikeFC,38174,151,2023-07-29 02:30:17+00:00,"[{'username': 'nikefootball', 'followers': 45672129}, {'username': 'grace_geyoro', 'followers': 165533}]"
303164617,3157210232325724101,2,"Portuguese football star Jessica Silva (@jessiicasilva10) is a force to be reckoned with on the pitch. Off the pitch, she looks to the women in her life and loved ones to cheer her on, so she can keep going. 

Follow JeÌssicaâ€™s story in the latest â€œWhat Are You Working On?â€ out now.",49268,177,2023-07-29 00:00:51+00:00,"[{'username': 'jessiicasilva10', 'followers': 672747}]"
303164617,3156982903913465409,2,"â€œself expression through style is so important to me. these shoes are so versatile and I hope you have fun styling them â€ -@billieeilish

Reimagined for you by @billieeilish.
The Nike Air Alpha Force Low X Billie Eilish. Available 8.8 on SNKRS. ğŸ”— in Nikeâ€™s bio.",99172,461,2023-07-28 16:30:18+00:00,"[{'username': 'billieeilish', 'followers': 109921457}, {'username': 'nikewomen', 'followers': 7179273}]"
303164617,3156918617999599140,1,"Iconic scenes from the agile @wang_shuang7 

The left-footer shows relentless resilience as she buries the ball to secure the win for China.

Wang has spokenâ€”as she leaves it all on the pitch.

Play with heart â¤ï¸â€ğŸ”¥. #NikeFC",46044,204,2023-07-28 14:20:47+00:00,"[{'username': 'wang_shuang7', 'followers': 66616}, {'username': 'nikefootball', 'followers': 45672129}]"
303164617,3156843390263135436,8,"Just over a week into the global tournament and stadiums are witnessing record breaking magic.âœ¨

@_aryborges joins only 5 other footballers by securing a ğŸŒğŸ† debut hat trick, our @nzfootballferns win their first game at home in a global tournament, @leaschueller nets her first goal with the help of the Phantom Luna, and fans are at an all time high as they continue to show up and show out.

These are just a few recent highlights and weâ€™re only getting started. #NikeFC",42957,193,2023-07-28 11:51:19+00:00,"[{'username': 'aryborges', 'followers': 453428}, {'username': 'leaschueller', 'followers': 116773}, {'username': 'nzfootballferns', 'followers': 30810}]"
303164617,3156681456407138640,2,"Sheâ€™s fast. Sheâ€™s fierce. 
And if you hesitate, youâ€™re too late. 

Catch @chloekelly (if you can) as she dribbles through defenders and lights up the stats with every attack.
#NikeFC",39305,182,2023-07-28 06:32:29+00:00,"[{'username': 'nike', 'followers': 303164617}, {'username': 'chloekelly', 'followers': 600500}, {'username': 'lionesses', 'followers': 928085}]"
303164617,3155705163263366653,2,"For JÃ©ssica Silva (@jessiicasilva10) family is everything ğŸ‘ª. Coming off one of the most successful seasons of her career, she also faced the most devastating year of her life. The tragic loss of her Grandmother Teresa forced Silva to reprioritize everything and spend much-needed time with her biggest supporters: her family.",44286,214,2023-07-26 22:10:48+00:00,"[{'username': 'jessiicasilva10', 'followers': 672747}]"
303164617,3154793071200128497,2,"Theyâ€™re dance originators ğŸ’ƒğŸ½, inventorsğŸ’¡, and global trend setters ğŸŒ. Meet Lite Feet Nation of Harlemâ€”the dance squad that has the world on its feet dancing to their neighborhoodâ€™s beat. 
#Nike #InTheWild",42682,324,2023-07-25 16:00:50+00:00,"[{'username': 'nikenyc', 'followers': 642104}, {'username': 'hypegirltune', 'followers': 36797}]"
303164617,3154072343784719496,8,"@hypegirltune of Harlemâ€™s Lite Feet Nation has some picks to hype up your style ğŸ’¥. From the Naomi Osaka skirt to the always cloud-like P-6000s â˜ï¸ , sheâ€™s definitely not letting your swag slip up. Youâ€™re now no longer allowed to say â€œI donâ€™t have anything to wearâ€ for the rest of summer ğŸ˜. 

Shop Lite Feetâ€™s collection to up your tempo.",73822,508,2023-07-24 16:05:45+00:00,[]
303164617,3153797410538712607,2,"No one expresses the spirit of joga bonito quite like @debinhaa7 

Sheâ€™s an athlete who makes the sport feel beautiful, technical and artistic at once, all while wrapped in one of footballâ€™s most famous color schemes ğŸ‡§ğŸ‡·. 

She is now now ready to add another compelling chapter to her story. This dynamic forward is her own best motivator as she takes the pitch. Take a listen and hear how it all comes from within. 
#NikeFC",34680,242,2023-07-24 07:02:08+00:00,"[{'username': 'nike', 'followers': 303164617}, {'username': 'debinhaa7', 'followers': 531732}]"
303164617,3153435925338152010,8,"HARLEM IN THE HOUSE. Lite Feet Nation is legendary for a reason, so we gotta ask: 
Is it their world-famous choreography and freedom of expression through movement? Yup âœ”ï¸. 
Is it their unmatched positivity that radiates through their entire community? Yup âœ”ï¸âœ”ï¸.
Is it because theyâ€™re too fly? Yup, definitely that. âœ”ï¸âœ”ï¸âœ”ï¸ #InTheWild",89412,498,2023-07-23 19:01:18+00:00,"[{'username': 'iamjadachanell', 'followers': 33965}, {'username': 'chrybaby_cozie', 'followers': 14878}, {'username': 'hypegirltune', 'followers': 36797}]"
303164617,3153344322615658601,2,"KABOOOOOM ğŸ’¥. Lite Feet Nation stepped in the room. Meet Hype Girl and her chosen family of Harlem repping-dancers known to be one of the most globally influential crews out there. From their block to the streets worldwide, modern dance without Lite Feet wouldnâ€™t be the same. 

What makes this squad so powerful is that the moves they make arenâ€™t just for themselves, but for the youth in their community to have a positive outlet forever. 

Hit the link in our bio to watch the full film. #InTheWild",52074,464,2023-07-23 16:00:10+00:00,"[{'username': 'ralphuptown', 'followers': 4460}, {'username': 'kshakes_mrallin', 'followers': 20860}, {'username': 'koda_live', 'followers': 5146}, {'username': 'iamjadachanell', 'followers': 33965}, {'username': 'chrybaby_cozie', 'followers': 14878}, {'username': 'i_amxavian', 'followers': 18068}, {'username': 'babyonyc', 'followers': 11772}, {'username': 'tahswag08', 'followers': 46952}, {'username': 'kiyonishouseparty', 'followers': 318}, {'username': 'hypegirltune', 'followers': 36797}, {'username': '_kidsmoove_', 'followers': 6614}]"
303164617,3152861467396475693,8,"The world of JeÌssica Silva (@jessiicasilva10) is a mosaic of athletic brilliance, immense success, emotional challenges and a loving family who grounds her through it all. 

Tap the link in bio to watch all episodes of JeÌssicaâ€™s â€œWhat Are You Working On?â€",82154,443,2023-07-22 23:59:57+00:00,"[{'username': 'jessiicasilva10', 'followers': 672747}]"
303164617,3152619942477421260,8,"""A good sports bra helps make me feel free enough to worry about nothing."" - Asisat Oshoala 

Five-time African Women's Footballer of the Year and striker for Nigeriaâ€™s national team, @asisat_oshoala knows the beautiful game like the back of her hand. She also knows how crucial it is to feel supported while you play it. Engineered for ultimate security, the new Nike Swoosh Bra gives Asisat, and every athlete, the confidence to play fearlessly. Now you can take to the pitch knowing the Swoosh Bra will be doing its job, while you do yours. ğŸ†ğŸ•Šï¸

Link in bio to shop the new Nike Swoosh Bras. âš¡ï¸",57162,265,2023-07-22 16:00:05+00:00,"[{'username': 'nikewomen', 'followers': 7179273}, {'username': 'asisat_oshoala', 'followers': 1040076}]"
303164617,3152291511505720504,2,"Being like a Lioness means celebrating individuality. Lifting up the people around you ğŸ™Œ Aiming higher than ever, holding the door wide open when you get there...and doing it all in style âš½. #LikeaLionessâš¡#NikeFC",46102,236,2023-07-22 05:09:50+00:00,"[{'username': 'nikelondon', 'followers': 806217}, {'username': 'lottewubbenmoy', 'followers': 104279}, {'username': 'nikefootball', 'followers': 45672129}, {'username': 'chloekelly', 'followers': 600500}, {'username': 'ellatoone', 'followers': 521035}, {'username': 'stanwaygeorgia', 'followers': 335416}, {'username': 'lucybronze', 'followers': 594928}, {'username': 'leahwilliamsonn', 'followers': 914858}, {'username': 'msbanks', 'followers': 622923}, {'username': 'lionesses', 'followers': 928085}, {'username': 'laurennjjames', 'followers': 593497}]"
303164617,3152253515237083619,8,"@sophsssmith and @mrapinoe are lighting up the pitch.

Not content with scoring just one goal in her first tournamentâ€”Sophia has grabbed a brace AND an assist to boot ğŸ¯â€¦. sheâ€™s doing it all with a smile. 

Now the whole world knows, sheâ€™s arrived.

Megan; whateverâ€™s thrown her way, she makes the game her ownâ€”and sheâ€™s hit an awe-inspiring 200 caps. LET IT RIP!

Thatâ€™s what we call squad goals ğŸ¤. 
#NikeFC",49915,200,2023-07-22 03:52:03+00:00,"[{'username': 'uswnt', 'followers': 2314932}, {'username': 'nike', 'followers': 303164617}, {'username': 'sophsssmith', 'followers': 285937}, {'username': 'mrapinoe', 'followers': 2191412}]"
303164617,3152212424799130091,8,"The USWNT arrive tailored in @nike x @martine_rose.

Shop the Nike x Martine Rose collection from July 25 on martine-rose.com and July 27 on SNKRS in select geographies.",147172,634,2023-07-22 02:30:25+00:00,"[{'username': 'martine_rose', 'followers': 309715}, {'username': 'alyssthomp', 'followers': 150460}, {'username': 'alexmorgan13', 'followers': 10225094}, {'username': 'cdunn19', 'followers': 342049}, {'username': 'mrapinoe', 'followers': 2191412}]"
303164617,3152039506068562732,2,"Whatâ€™s more terrifying? A multi-time champion who has done it all and canâ€™t be fazed, or a brilliant striker whose superior skill is about to go on display?

Luckily, the @uswnt doesnâ€™t have to choose. 

We asked world champion @cdunn19 and ğŸ‡ºğŸ‡¸ newcomer @sophsssmith what theyâ€™d tell themselves in the heat of an intense match â€” and they delivered.

The USWNT makes their tournament debut. The journey to â­â­â­â­â­ continues.
 # NikeFC",30978,128,2023-07-21 20:50:57+00:00,"[{'username': 'uswnt', 'followers': 2314932}, {'username': 'nike', 'followers': 303164617}, {'username': 'cdunn19', 'followers': 342049}, {'username': 'sophsssmith', 'followers': 285937}]"
303164617,3151868216187200420,8,"@AlexMorgan13. Yeah, you know her. If you donâ€™t, ummm...where have you been since 2011? Sheâ€™s back for her fourth tournament. HER ğŸ‘FOURTH ğŸ‘TOURNAMENT. With her veteran experience leading the @uswnt to two previous championships in 2015 and 2019, you know Alex is here to make waves going for lucky #3 in 2023. ğŸŒŠğŸŒŠğŸŒŠ #NikeFC",92077,450,2023-07-21 15:06:32+00:00,"[{'username': 'alexmorgan13', 'followers': 10225094}, {'username': 'nikewomen', 'followers': 7179273}]"
303164617,3151834055712658604,2,"The elegance. The glamor. Her commanding strike and merciless celebrations. ğŸ«– 

Watch effort, made effortlessly as iconic @uswnt forward @alexmorgan13 begins her quest for yet another star. â­ï¸ #NikeFC #JustDoIt",71503,345,2023-07-21 14:03:42+00:00,"[{'username': 'alexmorgan13', 'followers': 10225094}, {'username': 'nikefootball', 'followers': 45672129}]"
303164617,3151369135636477165,8,"@asisat_oshoala is the most decorated African female footballerâ€”EVER. Few players in her generation possess the speed, power and precision of the ğŸ‡³ğŸ‡¬ forward. Sheâ€™s a global icon stepping onto the worldâ€™s stage. 

Above all, Asisat knows how to stay composed when the pressureâ€™s on. Support her and team Nigeria today as they add to their already-stacked African legacy.

Soâ€¦how far will the @nigeriasuperfalcons fly?
#NikeFC",54348,228,2023-07-20 22:34:57+00:00,"[{'username': 'nikefootball', 'followers': 45672129}, {'username': 'asisat_oshoala', 'followers': 1040076}]"
303164617,3150534526366647631,2,"The @matildas are surging today as they prepare to inspire a whole new generation. Everything they give to the game today, they give to the future of football.
#AllForTomorrow #NikeFC",39209,307,2023-07-19 19:02:00+00:00,"[{'username': 'nike', 'followers': 303164617}, {'username': 'katrinagorry10', 'followers': 54726}, {'username': 'samanthakerr20', 'followers': 1370567}, {'username': 'hayleyraso', 'followers': 159805}, {'username': 'matildas', 'followers': 304551}, {'username': 'elliecarpenterr', 'followers': 273314}, {'username': 'alannakennedy', 'followers': 128172}]"
303164617,3150399305494785283,2,"ğŸ”ŠğŸ”ŠğŸ”ŠUP

@kvinnelandslaget forward @ahegerberg is already one of this generationâ€™s football legendsâ€”she is UNSTOPPABLEâ€”and is making her second appearance on the worldâ€™s biggest stage.

No one is more prepared for the spotlight than Ada. Huddle up and hear what she tells herself in the biggest moments. #NikeFC",30311,280,2023-07-19 14:29:44+00:00,"[{'username': 'nike', 'followers': 303164617}, {'username': 'ahegerberg', 'followers': 836691}, {'username': 'kvinnelandslaget', 'followers': 66115}]"
303164617,3150265339216397894,8,"The worldâ€™s biggest event is almost hereâ€”and the game has never been bigger.

All over the world, attendance records have been shattered and footballâ€™s biggest stars are more visible than ever. From the stands to the sidelines, history is happening and the banners are flying. This tournament is one of the most consequential moments in the history of football.

And itâ€™s. Finally. Here. 

Drop the flag of who youâ€™re supporting! ğŸ‘‡

#NikeFC",53852,366,2023-07-19 10:01:54+00:00,"[{'username': 'thekfa', 'followers': 760285}, {'username': 'uswnt', 'followers': 2314932}, {'username': 'nike', 'followers': 303164617}, {'username': 'oranjeleeuwinnen', 'followers': 372673}, {'username': 'matildas', 'followers': 304551}, {'username': 'lionesses', 'followers': 928085}]"
303164617,3150174465358250160,2,"From superstitions ğŸ¤ to statement colors ğŸ’¥, see what @samanthakerr20, @sophsssmith, @cdunn19 & @asisat_oshoala had to say about a footballerâ€™s most trusted item: their boots âœ¨âš½

Which boot is your fav? Tell us in the commentsğŸ‘‡",55449,244,2023-07-19 07:10:12+00:00,"[{'username': 'samanthakerr20', 'followers': 1370567}, {'username': 'nikefootball', 'followers': 45672129}, {'username': 'cdunn19', 'followers': 342049}, {'username': 'sophsssmith', 'followers': 285937}, {'username': 'asisat_oshoala', 'followers': 1040076}]"
303164617,3149817342887461973,2,"Five ğŸ”¥ new workouts starring some of the best football athletes in the world are now live in the Nike Training Club app and coming soon to Netflix on July 26 (â—). Featuring Lucy Bronze ğŸ´ó §ó ¢ó ¥ó ®ó §ó ¿ , Debinha ğŸ‡§ğŸ‡·, Sophia Smith ğŸ‡ºğŸ‡¸, Asisat Oshoala ğŸ‡³ğŸ‡¬ , Grace Geyoro ğŸ‡«ğŸ‡· and three in-the-know @nikewellcollective trainers, you score all the movements, laughs and real talk you could ever need to feel like a baller â€” even if youâ€™ve never stepped foot on a pitch.

So watch the games from your sofa, then get moving with footyâ€™s faves right next to it. Yeah... We got you. #NikeFC",137533,406,2023-07-18 19:15:20+00:00,"[{'username': 'netflix', 'followers': 33074766}]"
303164617,3149750955771035785,8,"Meet the new Nike Swoosh Bra âœ”ï¸

Engineered to feel more secure, its lightweight fabric has just the right amount of stretch and rebound, while Dri-FIT technology enables faster sweat evaporation so you can stay dry.

This Nike Swoosh Bra has been created in three support levels - because no person, and no game, is the same. Now you can match coverage and compression with the intensity of your workout. So whoever you are, however you move, do it with a sports bra thatâ€™s all in for you.

Click the link in bio to learn more about the Nike Swoosh Bra. â¤ï¸ ğŸ”¥
#NikeSwooshBra",55909,284,2023-07-18 16:59:55+00:00,"[{'username': 'keishaballa', 'followers': 85190}, {'username': 'nikefootball', 'followers': 45672129}, {'username': 'debinhaa7', 'followers': 531732}, {'username': 'chloekelly', 'followers': 600500}, {'username': 'lavellerose', 'followers': 560548}, {'username': 'sophsssmith', 'followers': 285937}, {'username': 'nikewomen', 'followers': 7179273}, {'username': 'rasheedatt10', 'followers': 172824}, {'username': 'asisat_oshoala', 'followers': 1040076}]"
303164617,3149720856254454909,8,"Tailored for success. @nike x @martine_rose elevates squad style with a suiting collection for the USWNT.

Shop the Nike x Martine Rose collection July 25 on martine-rose.com and July 27 on SNKRS in select geographies.",116643,533,2023-07-18 16:00:07+00:00,"[{'username': 'martine_rose', 'followers': 309715}, {'username': 'naomi_girma', 'followers': 84776}, {'username': 'sophsssmith', 'followers': 285937}, {'username': 'nikewomen', 'followers': 7179273}, {'username': 'mrapinoe', 'followers': 2191412}]"
303164617,3148722357778034639,2,"A slippery banana peel. A 24-year nap. And a fever dream full of footballâ€™s greatest athletes. This is football in 2023â€”itâ€™s a great day to be awake.

Our starting 11: Ada Hegerberg @ahegerberg, Alex Morgan @alexmorgan13, Asisat Oshoala @asisat_oshoala, Chloe Kelly @chloekelly, Debinha @debinhaa7, Grace Geyoro @grace_geyoro, Kadeisha Buchanan @keishaballa, Megan Rapinoe @mrapinoe, Sam Kerr @samanthakerr20, Sophia Smith @sophsssmith, Wang Shuang @wang_shuang7

Know their names. Know their game. #JustDoIt #NikeFC",169491,1165,2023-07-17 07:00:01+00:00,"[{'username': 'wang_shuang7', 'followers': 66616}, {'username': 'samanthakerr20', 'followers': 1370567}, {'username': 'keishaballa', 'followers': 85190}, {'username': 'alexmorgan13', 'followers': 10225094}, {'username': 'nikefootball', 'followers': 45672129}, {'username': 'debinhaa7', 'followers': 531732}, {'username': 'chloekelly', 'followers': 600500}, {'username': 'ahegerberg', 'followers': 836691}, {'username': 'sophsssmith', 'followers': 285937}, {'username': 'grace_geyoro', 'followers': 165533}, {'username': 'mrapinoe', 'followers': 2191412}, {'username': 'brandichastain', 'followers': 20244}, {'username': 'asisat_oshoala', 'followers': 1040076}]"
303164617,3148460192572352349,1,ğ”œğ”¬ğ”²ğ”«ğ”¤ ğ”“ğ”¯ğ”¦ğ”«ğ” ğ”¢ â› ğ“¨ğ”¬ğ”²ğ”«ğ”¤ ğ“šğ”¦ğ”«ğ”¤,125891,424,2023-07-16 22:15:24+00:00,"[{'username': 'carlitosalcarazz', 'followers': 3991293}, {'username': 'nikesportswear', 'followers': 7913492}]"
303164617,3148430281228994285,8,"Tea Is Served ğŸ¾

Congratulations @diededegroot, @tokitooda, and @nielsvink on an incredible week of becoming champions in London. The grass is greener when youâ€™re taking home a major title ğŸ†",135060,386,2023-07-16 21:15:58+00:00,"[{'username': 'tokitooda', 'followers': 15162}, {'username': 'diededegroot', 'followers': 9716}, {'username': 'nielsvink', 'followers': 8002}]"
303164617,3148330483820937225,1,"The Alcaraz Era is upon us.
 
An age in which age doesnâ€™t matter and impossible shots are served with a smile ğŸ˜
 
Congrats @carlitosalcarazz, youngest world no.1, on major no.2.
 
Your time has only just begun.",595151,1907,2023-07-16 17:57:41+00:00,"[{'username': 'carlitosalcarazz', 'followers': 3991293}]"
303164617,3147996374876157022,2,"Sheâ€™s got the touch. Sheâ€™s got the power. Sheâ€™s got theâ€¦ keytar solo? 

When @uswnt forward Megan Rapinoe takes the pitch to chase three-peat history on the big stage, you know sheâ€™s gonna let it rip. Check @mrapinoe the All-American Hero.
#JustDoIt #NikeFC",74662,869,2023-07-16 07:00:05+00:00,"[{'username': 'nikefootball', 'followers': 45672129}, {'username': 'mrapinoe', 'followers': 2191412}]"
303164617,3147304962392516320,8,"Sheâ€™s laced up âœ… Sheâ€™s locked in âœ… Sheâ€™s ready to winğŸ¥‡.

If youâ€™re a goalkeeper facing a shot from the U.S. Womenâ€™s National Soccer Team rookie forward @sophsssmith, weâ€™ve got two words for you: good luck. She might be all smiles on and off the pitch, but that doesnâ€™t mean she doesnâ€™t possess the instinct to put a team to sleeep with a swift touch of the ball. #NikeFC",85970,446,2023-07-15 08:00:10+00:00,"[{'username': 'uswnt', 'followers': 2314932}, {'username': 'sophsssmith', 'followers': 285937}, {'username': 'nikewomen', 'followers': 7179273}]"
303164617,3147274712534421244,2,"Nice To Beat You.

@sophsssmithâ€™s smile says it all. The @uswnt forward is poised, confident, and sheâ€™s gonna score. So, if youâ€™re a defender, know this: Itâ€™s going to be a looooooong game.

Check out our IG stories to learn more about the athletes and their films ğŸ‘€ #JustDoIt #NikeFC",59551,280,2023-07-15 07:01:39+00:00,"[{'username': 'nikefootball', 'followers': 45672129}, {'username': 'sophsssmith', 'followers': 285937}]"
303164617,3146580132957307757,8,"Wang Shuang @wang_shuang7 is no stranger to ğŸ† as a four-time Chinese Footballer of The Year winner.

How does she do it? She believes in elevating the game as a whole. Both relentless and selfless, she inspires teammates to elevate their game and rising stars to chase after their âš½ï¸ dreams.
#NikeFC",73091,335,2023-07-14 08:00:03+00:00,"[{'username': 'wang_shuang7', 'followers': 66616}, {'username': 'nikewomen', 'followers': 7179273}]"
303164617,3146549503187818287,2,"Play With Heart.

Chinaâ€™s midfielder @wang_shuang7â€™s playing style is all â¤ï¸â€ğŸ”¥. Thatâ€™s why she follows it around the world from Paris to Wuhan to Louisville, Kentucky and beyond. 

Check out our IG stories to learn more about the athletes and their films ğŸ‘€ #JustDoIt #NikeFC",55386,248,2023-07-14 07:01:16+00:00,"[{'username': 'wang_shuang7', 'followers': 66616}, {'username': 'nikefootball', 'followers': 45672129}]"
303164617,3145855505654345694,8,"Thereâ€™s football greats, and then there are the Brazilian greats. Debinha @debinhaa7, a forward for the Brazil Womenâ€™s National Team, is one of them.

Coming from a country that has given the world some of the greatest players of all time, itâ€™s now her time. Always representing her Brazilian football pedigree, number 9 is ready to bring home the ğŸ† . #NikeFC",84811,510,2023-07-13 08:00:21+00:00,"[{'username': 'debinhaa7', 'followers': 531732}, {'username': 'nikewomen', 'followers': 7179273}]"
303164617,3145825186028695366,2,"Joga Forever.

Clean up on aisle 9! No matter where Brazilian forward @Debinhaa7 goes, her joga bonito skills shine, even at the corner store â˜•ï¸ 

Check out our IG stories to learn more about the athletes and their films ğŸ‘€ #JustDoIt #NikeFC",309426,2100,2023-07-13 07:01:27+00:00,"[{'username': 'nikefootball', 'followers': 45672129}, {'username': 'debinhaa7', 'followers': 531732}]"
303164617,3145130584363944564,8,"Not only is @ahegerberg unstoppable on the pitch, sheâ€™s also known as one of the best players in the game. Weâ€™re talking 349 career goals and a presence that makes opposing teams alter their strategy when facing off against her.

Despite possessing the discipline, mindset, and work ethic of a true professional, Ada also knows that to be great on the pitch, you need to have a life off of it. â€œObviously, itâ€™s all about football. But to be able to switch on and offâ€”thatâ€™s very important in life.â€
#NikeFC",58268,311,2023-07-12 08:00:04+00:00,"[{'username': 'nikewomen', 'followers': 7179273}]"
303164617,3145098102112967148,2,"Get Ada Her Way.

Forward @ahegerberg of @kvinnelandslaget is so dominant with the ball that swarms of defenders have no chance. They need help. They need reinforcements. They need EVERY advantage they can find. Sometimes, things can get a little desperate.ğŸ¥ºğŸ’¦

Check out our IG stories to learn more about the athletes and their films ğŸ‘€ #JustDoIt #NikeFC",84684,507,2023-07-12 07:00:08+00:00,"[{'username': 'nikefootball', 'followers': 45672129}, {'username': 'ahegerberg', 'followers': 836691}]"
303164617,3143681157849764716,8,"The two-time Footballer of The Year @samanthakerr20, forward for the Australian Womenâ€™s National Football team, is no stranger to winning. Weâ€™re talking seven golden boots (an award given to the leading goal scorer ğŸ‘Ÿ âš½ ğŸ† ) across three continents, too many international appearances to count, and a back flip that should be worth an extra point on the board.

And, sheâ€™s about to add to that list an experience very few athletes get in a *lifetime*: playing footballâ€™s biggest tournament on her home turf. Keep your ğŸ‘€ on her this tournament, sheâ€™s a scoring champ and will flip a game in an instantâ€”figuratively and literally. #NikeFC",83037,456,2023-07-10 08:00:19+00:00,"[{'username': 'nikewomen', 'followers': 7179273}]"
303164617,3143650474310112907,2,"Flip the Game.

@samanthakerr20 is the @matildas striker who can bring a crowd to their feet. And when she knocks one in the net... well, you could say the whole world flips. 

Check out our IG stories to learn more about the athletes and their films ğŸ‘€ #JustDoIt #NikeFC",102776,615,2023-07-10 07:00:30+00:00,"[{'username': 'samanthakerr20', 'followers': 1370567}, {'username': 'nikefootball', 'followers': 45672129}]"
303164617,3143282053390868168,2,"â€œBelieve in yourself and enjoy the game.â€ -@Giannis_An34

From the courts of Tianhe in Guangzhou to the fan connections made in Beijingâ€”Giannis spread the love of the game and left inspiration to the next generation in China. ğŸ‡¨ğŸ‡³ğŸ€",101064,420,2023-07-09 18:48:31+00:00,"[{'username': 'nikebasketball', 'followers': 15518122}]"
303164617,3142412607608895816,2,"The world of ğŸ‹ï¸ fitness ğŸ‹ï¸ is opening up to every Parisian thanks to Nike coaches @leonewhy (she/they) and @yassinchekkouh (he/him).
 
Discover how these friends are building a vibrant community and using sport to express their queer identities.
 
Hit the link in bio to learn how weâ€™re supporting a more inclusive future for all athletes to play as their true selves.
 
#NoPrideNoSport",56939,427,2023-07-08 14:00:38+00:00,"[{'username': 'nikewellcollective', 'followers': 1776131}]"
303164617,3142201406568206733,8,"The best in agility, speed, precision, and touch â€” together for tomorrow.

When unique playing styles unite on the pitch, football gets forever better. Thatâ€™s why the new ğğ¢ğ¤ğ ğ”ğ§ğ¢ğ­ğğ ğğšğœğ¤ has innovations for every footballer whether youâ€™re a precision powerhouse like @sophsssmith, an agility all-star like @grace_geyoro, a touch titan like @lavellerose, or a speed merchant like @samanthakerr20. 
How will you unite the game? ğŸŒ„
#NikeFootball",80362,319,2023-07-08 07:00:19+00:00,"[{'username': 'nike', 'followers': 303164617}, {'username': 'samanthakerr20', 'followers': 1370567}, {'username': 'lavellerose', 'followers': 560548}, {'username': 'sophsssmith', 'followers': 285937}, {'username': 'grace_geyoro', 'followers': 165533}]"
303164617,3141183073051309454,2,"Introducing the next era of @nikewomen. A boundless expression of movement through self love, fluid femininity, and so much more. Moving seamlessly between the worlds of athleticism, artistry, performance, and style.

Imagined by @ParrisGoebel. 

Awaken your goddess within.

Creative Directed and Choreographed by Parris Goebel @parrisgoebel
Show Production by La Mode en Images @lamodeenimages
Cinematography by Laura GonÃ§alves @lauramelodygoncalves
Photography by Eva Losada @eva.al.desnudo
Organic Capture by Flo Gala @flongala
Styled by Kyle Luu @kyleluu
Make up by Isamaya Ffrench @isamayaffrench",86194,989,2023-07-06 21:19:32+00:00,"[{'username': 'nikewomen', 'followers': 7179273}]"
303164617,3140666025888666236,8,"Goddess Awakened takes the stage in Paris.

Creative directed and choreographed by @ParrisGoebel, she was joined by a collective of @Nike athletes and partners to tell a story of feminine expression and style through the medium of dance.

Awaken your Goddess within.

Creative Directed and Choreographed by Parris Goebel @parrisgoebel
Show Production by La Mode en Images @lamodeenimages
Photography by Eva Losada @eva.al.desnudo
Organic Capture by Flo Gala @flongala
Styled by Kyle Luu @kyleluu
Make up by Isamaya Ffrench @isamayaffrench",128303,780,2023-07-06 04:09:47+00:00,"[{'username': 'fengchenwang', 'followers': 154987}, {'username': 'nikewomen', 'followers': 7179273}, {'username': 'indiasardjoehh', 'followers': 13704}, {'username': 'yoon_ambush', 'followers': 710345}, {'username': 'parrisgoebel', 'followers': 1983666}]"
303164617,3138786864206481853,2,"Itâ€™s hard to imagine what running in Berlin would be like without âœ¨@joyruncollective âœ¨who are out here creating a safe space for every runner.
 
Meet members Jarred (he/him/they/them) and Hany (she/her/they/them) and hear about how when it comes to sport, thereâ€™s nothing like the power of community and togetherness.
 
Hit the link in bio to learn how weâ€™re supporting a more inclusive future for all athletes* to play as their true selves.",59239,1311,2023-07-03 14:00:17+00:00,"[{'username': 'nikerunning', 'followers': 5727526}]"
303164617,3137352965157598937,2,"Thank you to all of the LGBTQIA+ athletes, coaches, and fans who have brought us to new heights on and off the field. The wins youâ€™ve achieved, the records youâ€™ve broken, and the contributions youâ€™ve made are undeniable.

Beyond the month of June, we want to create a culture of belonging where athletes of all identities can move with pride every day of the year. Hit the link in the bio to learn how weâ€™re supporting a more inclusive future for sport where all athletes are celebrated and free to play as their true selves. #NoPrideNoSport",78586,5869,2023-07-01 14:30:10+00:00,[]
303164617,3136859031243434198,8,"If you pull up, you better be laced up.  Look no further than New Yorkâ€™s very own @hgnext basketball crew rocking the G.T. Cut 2 and Cosmic Unity 3 for some on-court inspo. 
If they got next, what are you showing up wearing to play in?Â 

Tap to shop the crewâ€™s collection.",86051,375,2023-06-30 22:05:58+00:00,"[{'username': 'nikebasketball', 'followers': 15518122}]"
303164617,3136674772858800213,2,"For the @hgnext crew, streetball is more than a game. Watch them pull up to Battery Park and West 4th St Park to flex on the court, and show us what ball means to them.Â  

Who are you bringing to the court? Tell us in the comments ğŸ‘‡

#InTheWild",48355,284,2023-06-30 16:01:08+00:00,"[{'username': 'nikebasketball', 'followers': 15518122}]"
303164617,3136137251813859739,8,"In The Wild sighting ğŸ‘€ 

New Yorkâ€™s @hgnext basketball crew notoriously tears it up wherever they show up. Comprised of the best ballers across the boroughs, they represent the spirit of streetball competition with trash-talk fueled play that pushes the opposition to talk back with their game. But itâ€™s always love between squads once the game is done. ğŸ¤

Hit the link in our bio to watch the full episode. #InTheWild",114812,525,2023-06-29 22:11:55+00:00,[]
303164617,3136084156093772516,2,"Weâ€™re outside in this episode of #InTheWild, when the @hgnext crew take over Battery Park and the infamous Cage at West 4th St. To them, streetball is more than a sport. Itâ€™s creativity. Style. Expression. You game? 

Check the link in our bio to see whoâ€™s got next.",82067,408,2023-06-29 20:29:52+00:00,[]
303164617,3136024546679490617,8,"â€œFootball is about one love,â€ says Humz, a football & wellness content creator. â€œItâ€™s one big community.â€ âš½ï¸ğŸ”¥

Grassroots footballers who are shaping culture far beyond the pitch met up in London to make the 2023 Nike National Team Collections their own.

What statement will you make? #NikeFC",123745,590,2023-06-29 18:27:59+00:00,"[{'username': 'fabiomanuel._', 'followers': 3720}, {'username': 'ew0man', 'followers': 1481}, {'username': 'priyankkarrasu', 'followers': 2071}, {'username': 'fark_eta', 'followers': 1432}, {'username': 'brimistryfitness', 'followers': 237}, {'username': 'humzyd', 'followers': 4620}]"
303164617,3135192851888934273,2,"We called in @cdunn19 and @debinhaa7 to help us build the new Phantom Luna. ğŸŒ™âš½ 

Take a peek at the design process ğŸ‘€",62297,427,2023-06-28 15:00:12+00:00,"[{'username': 'nikefootball', 'followers': 45672129}]"
303164617,3133048941696118578,2,"Every footballer dreams of it ğŸ’­, but how does it really feel to wear your countryâ€™s national team jersey? Hear firsthand from @cdunn19, @samanthakerr20, @asisat_oshoala, @ahegerberg and @debinhaa7 ğŸ’ª",64240,580,2023-06-25 16:00:04+00:00,"[{'username': 'samanthakerr20', 'followers': 1370567}, {'username': 'nikefootball', 'followers': 45672129}, {'username': 'debinhaa7', 'followers': 531732}, {'username': 'cdunn19', 'followers': 342049}, {'username': 'ahegerberg', 'followers': 836691}, {'username': 'asisat_oshoala', 'followers': 1040076}]"
303164617,3132447154534957884,8,"Waffle irons and the Willamette Valley. Patchouli and performance. This was the spirit of Eugene, Oregon in the 1970s. During this time, Nike was evolving and innovating rapidly which meant its graphic identity was tooâ€”especially on the t-shirt side of the hustle. Tees were the easiest way to communicate the brandâ€™s rapidly developing identity. Whatâ€™s most notable about these tees is that their bohemian, PNW-inspired look still influences much of the graphic work you still see in todayâ€™s designs.

Which one of these tees are you building a fit around? 

These original graphic tees were provided by the Department of Nike Archives.",85470,615,2023-06-24 20:00:21+00:00,[]
303164617,3131702895708035540,8,"Like the teams they love and support, every fan has their own unique style. 

From getting kitted out like the athletes on the pitch to making their colors their own ğŸŒ, thereâ€™s no one way to represent your squad. And thatâ€™s what makes the beautiful game forever inspiring âœ¨ #NikeFootball",88637,531,2023-06-23 19:21:39+00:00,"[{'username': 'selecaofemininadefutebol', 'followers': 2721456}, {'username': 'uswnt', 'followers': 2314932}, {'username': 'oranjeleeuwinnen', 'followers': 372673}, {'username': 'nikefootball', 'followers': 45672129}, {'username': 'matildas', 'followers': 304551}, {'username': 'nzfootballferns', 'followers': 30810}]"
303164617,3131125628606403171,2,"Hello Humans,
Hello planet Earth,
Hello San Antonio,
Hello Basketball.

Please welcome Victor Wembanyama. â˜„ï¸ğŸ‘€",281865,2004,2023-06-23 00:15:33+00:00,"[{'username': 'wemby', 'followers': 2472827}]"
303164617,3130879161917232475,2,"The futuristic phenom. The sport sensation. Meet â€˜Swooshman,â€™ arguably the greatest superhero in the history of superheroes. Swooshmanâ€™s legend began in the mid â€˜90s when Nikeâ€™s Sport Entertainment division created a mascot that embodied the power, soul, and innovation of athletes everywhere. It was one of the most advanced mascot suits for the time, and made out of custom molded neoprene so the performer had full range of motion. The suit itself was designed in Hollywood by the same studio that made the suits for another very popular superheroÂ ğŸ‘€

These â€œSwooshmanâ€ artifacts have been supplied by the Department of Nike Archives.

ğŸ”— in bio to watch the full episode",50857,364,2023-06-22 16:06:02+00:00,[]
303164617,3130151873209533834,8,The @nike x @Jacquemus J Force 1. For the understated ğŸ¤ For the standouts. Shop now on SNKRS. ğŸ”— in bio.,161519,922,2023-06-21 16:00:02+00:00,"[{'username': 'jacquemus', 'followers': 5933865}]"
303164617,3129426872546559156,2,"Experience Airphoria. 

Join the Ultimate Sneakerhunt in Fortnite before it disappears into thin air on 6.27 ğŸ‘ŸğŸŒ",337949,2038,2023-06-20 16:00:21+00:00,"[{'username': 'fortnite', 'followers': 24712784}]"
303164617,3128717732603178663,8,"Shout out to these icons âš½ï¸ğŸ† Weâ€™re not just celebrating wins, weâ€™re celebrating everything that they and the community have put into pushing the game forward. ğŸ’ª Grab a piece of history in the 2023 Nike National Team Collections.

Hit the ğŸ”— in bio to shop your team today.",79593,528,2023-06-19 16:30:39+00:00,"[{'username': 'wang_shuang7', 'followers': 66616}, {'username': 'samanthakerr20', 'followers': 1370567}, {'username': 'keishaballa', 'followers': 85190}, {'username': 'alexmorgan13', 'followers': 10225094}, {'username': 'debinhaa7', 'followers': 531732}, {'username': 'chloekelly', 'followers': 600500}, {'username': 'ahegerberg', 'followers': 836691}, {'username': 'sophsssmith', 'followers': 285937}, {'username': 'grace_geyoro', 'followers': 165533}, {'username': 'mrapinoe', 'followers': 2191412}, {'username': 'asisat_oshoala', 'followers': 1040076}]"
303164617,3127977106310827700,2,"Many say a father daughter relationship is like no other. This has never been more true than the case of Mike Morgan.

Every 4 years Mike creates custom t-shirts as an expression of his love to cheer & support his daughter @Alexmorgan13, as she takes the big stage. This year, we invited Mr. Morgan to create his custom shirts at Nike - as a surprise for Alex.

Hereâ€™s to the girl dads. The ones that existed long before it was trending, and the ones who will be here for many years after.
Happy Fatherâ€™s Day ğŸ’
#NikeFC",62994,363,2023-06-18 16:00:33+00:00,"[{'username': 'alexmorgan13', 'followers': 10225094}, {'username': 'nikefootball', 'followers': 45672129}]"
303164617,3127513296289597870,1,"@vinijr @cbf_futebol, we stand with you to create the change we all want to see.

Muda o Futebol.
Muda o Mundo.

@vinijr e @cbf_futebol, estamos com vocÃªs para criar a mudanÃ§a que todos nÃ³s queremos ver.",298760,669,2023-06-18 00:37:39+00:00,"[{'username': 'nikefootball', 'followers': 45672129}, {'username': 'vinijr', 'followers': 40834614}, {'username': 'cbf_futebol', 'followers': 16646842}]"
303164617,3127252887970218974,8,"Style is @tonyfinaugolf's middle name. On the latest episode of Unpacked, he shares his favorite Nike products for when he's taking on the course. 

Tap to shop the look.",81047,413,2023-06-17 16:00:16+00:00,"[{'username': 'tonyfinaugolf', 'followers': 610757}]"
303164617,3126527051976664416,2,On 6.20 @Fortnite catches Air. ğŸ™ğŸŒ¬,146496,1116,2023-06-16 15:59:30+00:00,"[{'username': 'fortnite', 'followers': 24712784}, {'username': 'nikesportswear', 'followers': 7913492}]"
303164617,3125846911320446212,2,"@tonyfinaugolf never disappoints when it comes to style on the course.

Catch him this week competing in style for a win. Good luck in LA, Tony! â›³ï¸ğŸ”¥",44019,351,2023-06-15 17:30:11+00:00,"[{'username': 'tonyfinaugolf', 'followers': 610757}]"
303164617,3125529614087896974,2,"Introducing the ğğ¢ğ¤ğ ğ”ğ§ğ¢ğ­ğğ ğğšğœğ¤.
Itâ€™s a new dawn for football ğŸŒ„ that combines the best in agility, speed, precision, and touch. 

Arriving July 8. 

#NikeFootball",1182477,683,2023-06-15 06:59:17+00:00,"[{'username': 'nike', 'followers': 303164617}, {'username': 'samanthakerr20', 'followers': 1370567}, {'username': 'lavellerose', 'followers': 560548}, {'username': 'sophsssmith', 'followers': 285937}, {'username': 'grace_geyoro', 'followers': 165533}]"
303164617,3124447103508823540,2,"Check, check. Is this on? ğŸ¤ Louder? OK, how about now... WELCOME! To your life, well lived. To your inner circle, expanded. To your personal expression of wellness, celebrated. Itâ€™s already within you â€” weâ€™re just here to amplify it ğŸ—£ï¸.

The Nike Well Collective is your home for Movement, Mindfulness, Nutrition, Rest and Connection. Here, youâ€™ll find people, intel and inspiration to help you balance the hell yeses and hot messes, the everyday and the not-todays âœ¨.

Because wellness isnâ€™t a win â€” itâ€™s a way. Welcome to #NikeWellCollective. #LifeWellLived",59752,697,2023-06-13 19:06:32+00:00,"[{'username': 'yogisophy', 'followers': 673}, {'username': 'kestyoga', 'followers': 229854}, {'username': 'nikewellcollective', 'followers': 1776131}, {'username': 'mariawada', 'followers': 18924}, {'username': 'brandencollinsworth', 'followers': 95690}, {'username': 'fabiandomenech', 'followers': 54614}, {'username': 'rebeckahprice', 'followers': 11781}, {'username': 'tune2tunde', 'followers': 615574}, {'username': 'rowenaida', 'followers': 28837}, {'username': '__nitfit', 'followers': 6786}, {'username': 'joeholder', 'followers': 145279}, {'username': 'dance_church', 'followers': 44993}, {'username': 'betinagozo', 'followers': 76115}, {'username': 'laurenschrammfit', 'followers': 37369}, {'username': 'mercedesowens', 'followers': 6458}, {'username': 'samm_yv', 'followers': 8372}, {'username': 'asisat_oshoala', 'followers': 1040076}, {'username': 'brancheflora', 'followers': 12651}, {'username': 'kirstygodso', 'followers': 288722}]"
303164617,3123963179318587917,8,Congrats to the Joker and the @nuggets on a franchise-first NBA Championship.,482000,1842,2023-06-13 03:04:12+00:00,"[{'username': 'nikebasketball', 'followers': 15518122}]"
303164617,3122903894078446917,8,"@lavellerose ğŸ¤ğŸ¼ Tiempo.
 
In the latest Unpacked episode, Rose shares her favorite Nike products â€“ both on and off the pitch. Her love for a comfy Groutfit is something we can all get behind. Shop all her looks at our link in bio.",96583,825,2023-06-11 15:59:36+00:00,"[{'username': 'lavellerose', 'followers': 560548}]"
303164617,3122328523005115813,1,"Treble. 
Player of the Year. 
League Top Goalscorer. 
European Top Goalscorer. 

@erling.haaland has just accomplished one of the most incredible seasons ever. And heâ€™s just getting started.

#Force9 #NikeFootball",212310,1299,2023-06-10 20:56:26+00:00,"[{'username': 'nike', 'followers': 303164617}, {'username': 'erling.haaland', 'followers': 34610648}]"
303164617,3122179722301771741,8,"Les Champions x3 ğŸ¾

Congratulations @diededegroot, @tokitooda, and @nielsvink on each taking home the hardware with major title wins in Paris. ğŸ† Keep building your legacies and pushing the game forward.",134198,814,2023-06-10 16:00:48+00:00,"[{'username': 'tokitooda', 'followers': 15162}, {'username': 'diededegroot', 'followers': 9716}, {'username': 'nielsvink', 'followers': 8002}]"
303164617,3121568808452110318,8,"Believe it, chase it, break it. ğŸ¥‡

Congratulations to @jakobing on a new world record time of 7:54.10 for 2 miles in Paris.",103746,566,2023-06-09 19:47:01+00:00,"[{'username': 'jakobing', 'followers': 498969}, {'username': 'nikerunning', 'followers': 5727526}]"
303164617,3120851658242754706,2,"After this @serenawilliams 2013 victory, she entered her GOAT era ğŸÂ by going 186 weeks straight at # 1. What about this tournament made it different from the others? A handwritten note of encouragement from Serena to Serena found inside the pocket of her blazer. Tennis was forever rewritten.Â Â ğŸ¾

These 2013 Serena Williams artifacts have been supplied by the Department of Nike Archives.",63465,515,2023-06-08 20:03:14+00:00,[]
303164617,3119763508422085476,8,"Barriers broken like never before for you to change the game forever after.

Introducing the ğšğ¥ğ¥-ğ§ğğ° ğğ¡ğšğ§ğ­ğ¨ğ¦ ğ‹ğ®ğ§ğš â€” the ultimate boot created by women, for women. Join the ranks of the game changers like @debinhaa7 and push your limits on the pitch with ğğ¡ğšğ§ğ­ğ¨ğ¦ ğ‹ğ®ğ§ğš. Available in the Nike App and nike.com on June 28. ğŸŒ™
#NikeFootball",328685,1360,2023-06-07 08:00:13+00:00,"[{'username': 'nike', 'followers': 303164617}]"
303164617,3119731400597227734,2,"A boot that changes football for athletes changing  everything.

The ğšğ¥ğ¥-ğ§ğğ° ğğ¡ğšğ§ğ­ğ¨ğ¦ ğ‹ğ®ğ§ğš was forged at the core by female footballers, including @cdunn19 @debinhaa7 and @grace_geyoro. A first-of-its-kind boot to transform the game.

Equipped with ground-breaking precision and game-changing agility, the ğğ¡ğšğ§ğ­ğ¨ğ¦ ğ‹ğ®ğ§ğš is available June 28 in the Nike App and nike.com.

The stage is set, the world is watching, and history is about to be made. ğŸŒ™
#NikeFootball",69591,389,2023-06-07 07:00:04+00:00,"[{'username': 'nikefootball', 'followers': 45672129}, {'username': 'debinhaa7', 'followers': 531732}, {'username': 'cdunn19', 'followers': 342049}, {'username': 'grace_geyoro', 'followers': 165533}]"
303164617,3119279511418380641,2,"The @Nike x @jacquemus J Force 1- a standout take on its namesake, with luxury touches that complement and bring any style to life. 

Dropping 6.21 on SNKRS app. Tap the link in @Nikeâ€™s bio to get notified.",61979,468,2023-06-06 16:00:16+00:00,"[{'username': 'nikewomen', 'followers': 7179273}]"
303164617,3118525274617971617,8,"When the world's greatest athletes get together for the world's greatest âš½ tournament, epic things are bound to happen. We're talking wonder goals and smashing tackles. Feats of individual brilliance and incredible teamwork. MVPs past, present and future going for glory, no matter the cost. The trophy is waiting. Are you ready? Line up behind your squad with The 2023 Nike National Team Kits & Collections.ğŸ‘‡

Hit the link ğŸ”— in bio to shop your team today. 

#NikeFC",103624,703,2023-06-05 15:00:04+00:00,"[{'username': 'wang_shuang7', 'followers': 66616}, {'username': 'samanthakerr20', 'followers': 1370567}, {'username': 'keishaballa', 'followers': 85190}, {'username': 'alexmorgan13', 'followers': 10225094}, {'username': 'nikefootball', 'followers': 45672129}, {'username': 'debinhaa7', 'followers': 531732}, {'username': 'chloekelly', 'followers': 600500}, {'username': 'ahegerberg', 'followers': 836691}, {'username': 'sophsssmith', 'followers': 285937}, {'username': 'grace_geyoro', 'followers': 165533}, {'username': 'nikewomen', 'followers': 7179273}, {'username': 'mrapinoe', 'followers': 2191412}, {'username': 'asisat_oshoala', 'followers': 1040076}]"
303164617,3118283665285125050,8,"Celebrate the game that unites the world. âš½ğŸŒğŸ†

This July, sportâ€™s biggest moment is a global-scale collision of style, culture and footballing prowess. Show love for your team in The 2023 Nike National Team Kits & Collections. 

Check out all the key pieces at the ğŸ”— in bio and our Instagram Shop #NikeFC",123615,637,2023-06-05 07:00:02+00:00,"[{'username': 'selecaofemininadefutebol', 'followers': 2721456}, {'username': 'thekfa', 'followers': 760285}, {'username': 'uswnt', 'followers': 2314932}, {'username': 'portugal', 'followers': 14869933}, {'username': 'oranjeleeuwinnen', 'followers': 372673}, {'username': 'nikefootball', 'followers': 45672129}, {'username': 'canadasoccer', 'followers': 359427}, {'username': 'matildas', 'followers': 304551}, {'username': 'nigeriasuperfalcons', 'followers': 116888}, {'username': 'lionesses', 'followers': 928085}, {'username': 'kvinnelandslaget', 'followers': 66115}, {'username': 'equipedefrancef', 'followers': 298589}, {'username': 'nzfootballferns', 'followers': 30810}]"
303164617,3116526057075610738,8,"Mom. World Champion. Olympic Champion. And nowâ€¦ World Record holder. ğŸ†

Congratulations to @faithkipyegon on a stunning time of 3:49.11 in the 1500M in Florence.",110354,767,2023-06-02 20:47:58+00:00,"[{'username': 'nikerunning', 'followers': 5727526}, {'username': 'faithkipyegon', 'followers': 120112}]"
303164617,3116380121996871866,2,"The 2023 Be True Collection is a celebration of the power of the global LGBTQIA+ community. In collaboration with artist Zoe Schlacter (they/them), the geometric patterns and swirling graphics represent the full spectrum of being, letting you reclaim the past, revel in the present, and reimagine the future.

Take a look at this yearâ€™s collection and meet designers Mansoor Amjed and Raveena Bhalara. Link in bio to explore the collection. ğŸŒˆâœ¨",89400,1794,2023-06-02 16:00:10+00:00,[]
303164617,3115657306540138362,8,"The 2023 Be True Collection is here. Made in collaboration with designer and artist Zoe Schlacter (they/them), bold geometric patterns and swirling graphics serve as a celebration of the legends and dreamers of LGBTQIA+ communities and their legacies.

Available now. Link in bio. ğŸ’ƒâœ¨",145201,1845,2023-06-01 16:01:55+00:00,[]
8380175,3145284241605025005,2,"Watch the battle unfold. â€œARMOUR UPâ€ is out now on YouTube and Spotify, featuring @kelleyohara @gavlyn VS. @alexgreenwood5 @nadiarosemusic",3669,160,2023-07-12 13:07:21+00:00,"[{'username': 'nadiarosemusic', 'followers': 85077}, {'username': 'gavlyn', 'followers': 86428}, {'username': 'underarmourfc', 'followers': 100728}, {'username': 'underarmourwomen', 'followers': 928967}, {'username': 'alexgreenwood5', 'followers': 440836}, {'username': 'kelleyohara', 'followers': 820257}]"
8380175,3165643535504088342,8,Gear built for the best in the gameğŸ”¥âš½,2174,22,2023-08-09 15:15:38+00:00,"[{'username': '___emilyfox', 'followers': 67744}]"
8380175,3164914911444940135,2,"This is your arena. Step into your spotlight with the new Project Rock 6 training shoes, available now.",4708,48,2023-08-08 15:11:13+00:00,"[{'username': 'projectrock', 'followers': 994080}]"
8380175,3164095972347347573,2,#ProtectThisHouse with the Ultimate Team Talk. Scientifically engineered by AI. Inspired by Under Armour athletes. Made real by @ashleywalters,4009,46,2023-08-07 12:04:30+00:00,"[{'username': 'ashleywalters', 'followers': 669159}]"
8380175,3163453578177722706,8,A rivalry forged in history. â˜˜ï¸âš“ï¸ @ndfootball and @navyfb will kick off the college football season at the Aer Lingus Classic in Dublin wearing custom uniforms.,5251,29,2023-08-06 14:44:35+00:00,"[{'username': 'thefightingirish', 'followers': 178355}, {'username': 'navyathletics', 'followers': 113759}, {'username': 'navyfb', 'followers': 74772}, {'username': 'ndfootball', 'followers': 392586}]"
8380175,3162796618015987845,2,@stephencurry30 brought something special out for the players at Curry Camp ğŸ‘€ #Curry11,2364,15,2023-08-05 17:04:57+00:00,"[{'username': 'stephencurry30', 'followers': 53705926}, {'username': 'underarmour', 'followers': 8380175}]"
8380175,3162072448924938344,8,Breaking barriers and setting new recordsğŸˆ ğŸš© We're proud to welcome @dianaflres33 to the sqUAd!,3576,53,2023-08-04 17:00:31+00:00,"[{'username': 'dianaflres33', 'followers': 177512}]"
8380175,3162012018597262893,2,ğŸ¤ @notredame. 10 more years of partnering with the Fighting Irish â˜˜ï¸ and supporting student-athletes both on AND off the field.,2294,19,2023-08-04 15:01:00+00:00,"[{'username': 'thefightingirish', 'followers': 178355}, {'username': 'notredame', 'followers': 196387}]"
8380175,3161291447278489237,2,Join UA Rewards today for a chance to win FREE GEAR for a year! Link in bio to sign up.,2227,15,2023-08-03 15:10:01+00:00,[]
8380175,3160566356567055397,8,"No shade, all style. #UAForge96

ğŸ“¸: @shoezen.one",3065,28,2023-08-02 15:08:11+00:00,[]
8380175,3159910089150787752,2,Ready to make a statement on campus? Gear up for a fresh start with our latest arrivals! ğŸ‘ŸğŸ’,1633,8,2023-08-01 17:25:59+00:00,[]
8380175,3159783539474450118,2,"INTRODUCINGâ­ï¸UA REWARDSâ­ï¸ Join our loyalty program by 8/2 for a chance to win an unforgettable VIP experience with the ğŸ himself, @StephenCurry30! Link in bio to sign up.",4292,36,2023-08-01 13:14:03+00:00,"[{'username': 'stephencurry30', 'followers': 53705926}]"
8380175,3159353694259973238,2,"Itâ€™s time for a sqUAd face-off! Who are you rooting for? ğŸ´ó §ó ¢ó ¥ó ®ó §ó ¿ vs. ğŸ‡¨ğŸ‡³

ğŸ“º: Aug 1st, 9pm AUS (7am EST)",1102,11,2023-07-31 22:59:21+00:00,"[{'username': 'alexgreenwood5', 'followers': 440836}, {'username': 'underarmour', 'followers': 8380175}]"
8380175,3156945856486277872,2,TOUGH just got a whole new meaningğŸ˜¤ Shop the new #UASlipSpeed Mesh pack.,3474,26,2023-07-28 15:16:15+00:00,[]
8380175,3156245023465016917,8,@kelleyohara and @alexgreenwood5 are ARMOURED UP and ready for battleğŸ”¥â„ï¸ Shop their UA Favorites now!,2119,20,2023-07-27 16:02:28+00:00,"[{'username': 'underarmourwomen', 'followers': 928967}, {'username': 'alexgreenwood5', 'followers': 440836}, {'username': 'kelleyohara', 'followers': 820257}]"
8380175,3155552307907835446,2,Built specifically for women to give the best fit and support on-pitch.,1828,13,2023-07-26 17:10:16+00:00,"[{'username': 'laurafreigang', 'followers': 162656}, {'username': 'underarmourfc', 'followers': 100728}]"
8380175,3154768585004058605,8,"â€œEvery time you show up and put in the work, you have the mindset of a champion entering the arena, ready to leave it all on the arena floor. Your sweat equity and your purpose is why we continue to bring you the gear you need to perform at your greatest level.â€ - @therock",6613,46,2023-07-25 15:09:03+00:00,"[{'username': 'projectrock', 'followers': 994080}, {'username': 'therock', 'followers': 388785333}]"
8380175,3154045360193031654,2,Locked in so @laurafreigang never has to hold backğŸ”¥âš½ï¸ Cop our newest compression braâ€“ the HeatGear Armour High Sports Braâ€“ available now!,1698,18,2023-07-24 15:19:00+00:00,"[{'username': 'laurafreigang', 'followers': 162656}, {'username': 'underarmour', 'followers': 8380175}]"
8380175,3152080855619598496,2,UNDERRATED â¡ï¸ UNANIMOUS,4865,33,2023-07-21 22:10:34+00:00,"[{'username': 'uabasketball', 'followers': 1757095}, {'username': 'currybrand', 'followers': 463678}, {'username': 'stephencurry30', 'followers': 53705926}]"
8380175,3151169046746204675,2,"Itâ€™s time to STEP IN and answer the call of your craftğŸ˜¤ Shop the latest #ProjectRock Collection, available now at the link in bio.",8665,99,2023-07-20 16:07:28+00:00,"[{'username': 'projectrock', 'followers': 994080}, {'username': 'gymhooky', 'followers': 134776}, {'username': 'therock', 'followers': 388785333}, {'username': 'lindseyvonn', 'followers': 2216538}, {'username': 'perezluisqb', 'followers': 18932}, {'username': 'tvaughns_21', 'followers': 20964}, {'username': 'salnells', 'followers': 29108}, {'username': 'tamarawalcott.shw', 'followers': 175199}]"
8380175,3151116976587862931,8,Major Threads ğŸ§µ @jordanspieth is ready for ANY conditions at the 151st @theopen,2280,24,2023-07-20 14:13:57+00:00,"[{'username': 'jordanspieth', 'followers': 1852211}]"
8380175,3150681164910464132,2,â€œThe great ones come out of places you wouldnâ€™t expect them to come fromâ€. @JaydeRiviere takes us through the triumphs and adversities sheâ€™s faced all to become the player and person she is today.,1534,37,2023-07-19 23:51:44+00:00,"[{'username': 'jayderiviere', 'followers': 36381}]"
8380175,3150361803473613187,2,Ready for ANYTHING. Last major of the year and @jordanspieth is rooting for tough conditions at @theopen Championship,4022,182,2023-07-19 13:30:57+00:00,"[{'username': 'jordanspieth', 'followers': 1852211}]"
8380175,3149120772761779789,8,9ï¸âƒ£9ï¸âƒ£ clubâ€¼ï¸ Check out @jjettas2 custom @eamaddennfl cleats. âœˆï¸,3685,29,2023-07-17 20:07:51+00:00,"[{'username': 'eamaddennfl', 'followers': 1260409}, {'username': 'jjettas2', 'followers': 1567311}]"
8380175,3148936720171564976,2,"We made history with this oneğŸ”¥ All-female cast starring @kelleyohara and @alexgreenwood5, performed by @gavlyn and @nadiarosemusic, and directed by @katwebber_ and @karenaevans. LFG! ï¸âš½ï¸ğŸ†",1587,18,2023-07-17 14:06:46+00:00,"[{'username': 'katwebber_', 'followers': 7316}, {'username': 'nadiarosemusic', 'followers': 85077}, {'username': 'karenaevans', 'followers': 95879}, {'username': 'gavlyn', 'followers': 86428}, {'username': 'underarmourfc', 'followers': 100728}, {'username': 'underarmourwomen', 'followers': 928967}, {'username': 'alexgreenwood5', 'followers': 440836}, {'username': 'kelleyohara', 'followers': 820257}]"
8380175,3148518337838596195,1,"The question remainsâ€¦Who can stop @stephencurry30? 

Stephen Curry becomes the first African-American to win the American Century Championship. He is also the first active athlete to secure the title since 2000.",18697,165,2023-07-17 00:10:55+00:00,"[{'username': 'stephencurry30', 'followers': 53705926}, {'username': 'underarmour', 'followers': 8380175}]"
8380175,3146798898740296118,2,Our best-rated sneaker just got a summer makeover! Cop the latest #UASlipSpeed Mesh packğŸ‘Ÿ,4316,42,2023-07-14 15:20:00+00:00,[]
8380175,3146066537266530441,2,"â€˜ARMOUR UPâ€™ got BARRRRSSSS.
ğŸ¤ @gavlyn + @nadiarosemusic
âš½ï¸ @kelleyohara + @alexgreenwood5",1840,11,2023-07-13 15:00:12+00:00,"[{'username': 'underarmourfc', 'followers': 100728}, {'username': 'underarmourwomen', 'followers': 928967}]"
8380175,3144085625355610719,8,No sleep in Seattle for Freddie Freeman and Juan Soto. âš¾ï¸ Check out our sqUAdâ€™s custom cleats for the @mlb All-Star game.,3269,13,2023-07-10 21:23:55+00:00,"[{'username': 'soikephoto', 'followers': 965}, {'username': 'juansoto_25', 'followers': 979376}, {'username': 'dezcustomz', 'followers': 100388}]"
8380175,3144037630573142878,1,"THE GOLD COLLECTION IS COMPLETEğŸ† @fleurjong jumped 6.28m in the World Para Athletics Champs Long Jump T64 event to set a meet record and win her first World Long Jump title. Jong came to Paris with two world records, a Paralympic gold, and is now leaving a world champion.

â€œIt feels amazing. It was really nerve-wracking of course, after two fails. But then I thought â€˜okay, if I want to be a real champion, I have to get this doneâ€™.â€",1241,16,2023-07-10 19:48:34+00:00,"[{'username': 'fleurjong', 'followers': 135578}, {'username': 'underarmour', 'followers': 8380175}]"
8380175,3143241168461181500,1,Locked in for the ğŸŒğŸ†. Congratulations to @jayderiviere on representing ğŸ‡¨ğŸ‡¦. #ProtectThisHouse,1044,11,2023-07-09 17:26:08+00:00,"[{'username': 'jayderiviere', 'followers': 36381}, {'username': 'underarmour', 'followers': 8380175}]"
8380175,3142438868385613761,1,Locked in for the ğŸŒğŸ†. Congratulations to @laurafreigang on representing ğŸ‡©ğŸ‡ª. #ProtectThisHouse,2606,20,2023-07-08 14:52:06+00:00,"[{'username': 'laurafreigang', 'followers': 162656}, {'username': 'underarmour', 'followers': 8380175}]"
8380175,3141723071392719822,2,WE READY! ğŸ‡ºğŸ‡¸ï¸âš½ï¸ ARE YOU? #ProtectThisHouse,1703,60,2023-07-07 15:10:29+00:00,"[{'username': 'underarmourfc', 'followers': 100728}, {'username': 'kelleyohara', 'followers': 820257}]"
8380175,3141658058665609857,2,WE READY! ğŸ´ó §ó ¢ó ¥ó ®ó §ó ¿ï¸âš½ï¸ ARE YOU? #ProtectThisHouse,1550,25,2023-07-07 13:01:21+00:00,"[{'username': 'underarmourfc', 'followers': 100728}, {'username': 'alexgreenwood5', 'followers': 440836}]"
8380175,3140932707987642856,2,"â€˜ARMOUR UPâ€™ ğŸ¶ 
Full track and music video coming soon. 

ğŸ¤: @gavlyn @nadiarosemusic 
ï¸âš½ï¸: @kelleyohara @alexgreenwood5",1534,30,2023-07-06 13:01:08+00:00,"[{'username': 'nadiarosemusic', 'followers': 85077}, {'username': 'gavlyn', 'followers': 86428}, {'username': 'underarmourfc', 'followers': 100728}, {'username': 'alexgreenwood5', 'followers': 440836}, {'username': 'kelleyohara', 'followers': 820257}]"
8380175,3140338351991867255,1,Locked in for the ğŸŒğŸ†. Congratulations to Wang Linlin on representing ğŸ‡¨ğŸ‡³. #ProtectThisHouse,1173,3,2023-07-05 17:18:45+00:00,"[{'username': 'underarmour', 'followers': 8380175}]"
8380175,3139522929620448053,8,America's National Pastime âš¾ï¸ Our sqUAd is rocking the UA Yard Low MT Baseball Cleats today.,3037,22,2023-07-04 14:18:39+00:00,[]
8380175,3138843760016326469,1,@juansoto_25 is headed to Seattle for @mlb All-Star weekend. ğŸ¤©,2185,22,2023-07-03 15:49:16+00:00,"[{'username': 'juansoto_25', 'followers': 979376}]"
8380175,3138077142873098860,8,@bryceharper3 wore his custom â€˜GottaHavaâ€™ cleats yesterday. ğŸ™Œ,2911,25,2023-07-02 14:26:08+00:00,"[{'username': 'bryceharper3', 'followers': 1783975}]"
8380175,3136185330021103142,1,@FreddieFreeman is ready to shine in Seattle as an @mlb All-Star starter. ğŸ’«,2262,16,2023-06-29 23:47:26+00:00,[]
8380175,3136098450668104414,2,The only thing that matters when you retire is winning The Matchâ€¦. good luck tonight @stephencurry30 #sqUAd,14709,69,2023-06-29 20:56:11+00:00,"[{'username': 'underarmour', 'followers': 8380175}]"
8380175,3136005540559732903,8,"The only shoe with 2 modes now has built-in air conditioningğŸ§Š Cop the new #UASlipSpeed Mesh Pack, available now.",8080,70,2023-06-29 17:50:14+00:00,[]
8380175,3135860632087727868,8,Retro design ğŸ¤ modern innovation #UAForge96,3626,48,2023-06-29 13:02:19+00:00,[]
8380175,3134513692415189850,2,ğŸ˜®â€ğŸ’¨ Worked through the weekend at @uanextfootball Future 50.,1936,17,2023-06-27 16:30:28+00:00,"[{'username': 'uanextfootball', 'followers': 117366}, {'username': 'jjettas2', 'followers': 1567311}]"
8380175,3132436582413918957,8,Only right the top 50 ballers get the newly released #UASlipSpeed. ğŸ‘Ÿ,2002,14,2023-06-24 19:39:21+00:00,"[{'username': 'underarmour', 'followers': 8380175}]"
8380175,3130850432029614985,2,"â€œSlip Mode â¡ï¸ Drip Modeâ€ We asked @uoft athletes what they thought of the new #UASlipSpeed, and hereâ€™s how it went.",10529,83,2023-06-22 15:09:52+00:00,"[{'username': 'uoft', 'followers': 264764}]"
8380175,3130144549507373345,1,Locked in for the ğŸŒğŸ†. Congratulations to @___emilyfox on representing ğŸ‡ºğŸ‡¸. #ProtectThisHouse,1317,7,2023-06-21 15:45:29+00:00,"[{'username': '___emilyfox', 'followers': 67744}, {'username': 'underarmour', 'followers': 8380175}]"
8380175,3130118413494217717,1,Locked in for the ğŸŒğŸ†. Congratulations to @kelleyohara on representing ğŸ‡ºğŸ‡¸. #ProtectThisHouse,1692,14,2023-06-21 14:53:34+00:00,"[{'username': 'underarmourfc', 'followers': 100728}, {'username': 'kelleyohara', 'followers': 820257}]"
8380175,3128020875080005108,8,For Fatherâ€™s Day - @bryceharper3 rocked custom cleats that pay homage to his dadâ€™s job as an ironworker âš¾ï¸,5129,33,2023-06-18 17:26:07+00:00,"[{'username': 'bryceharper3', 'followers': 1783975}]"
8380175,3125774957146069751,2,Showtime in Hollywood ğŸ¬ @Jordanspieth is ready to shine in Round 1 of the @usopengolf Championship. Tap to shop Jordanâ€™s looks for the week.,1486,18,2023-06-15 15:13:22+00:00,"[{'username': 'jordanspieth', 'followers': 1852211}]"
8380175,3124333935164415386,8,ALL athletes. No exceptions. ğŸŒˆ,6857,1687,2023-06-13 15:20:50+00:00,[]
8380175,3123628569738251095,2,@jordanspieth is ready to put on a show in Hollywood ğŸ¬ for the 123rd @usopengolf Championship â›³ï¸,3748,41,2023-06-12 16:03:10+00:00,"[{'username': 'jordanspieth', 'followers': 1852211}]"
8380175,3120709139164806251,8,Walking the streets like it's 1996ğŸ‘Ÿ #UAForge96.,4421,55,2023-06-08 15:19:01+00:00,[]
8380175,3119980069682528902,8,"""It's important to feel like you're included in something."" - @chloelogarzo, Pro Soccer Player",1938,31,2023-06-07 15:10:29+00:00,"[{'username': 'chloelogarzo', 'followers': 45979}]"
8380175,3119366677376743290,8,"From the tunnel â¡ï¸ the court, @stephencurry30 does not miss ğŸ’¦",32296,84,2023-06-06 18:51:47+00:00,"[{'username': 'stephencurry30', 'followers': 53705926}, {'username': 'underarmour', 'followers': 8380175}]"
8380175,3118517069637461932,1,Locked in for the ğŸŒğŸ†. Congratulations to @alexgreenwood5 on representing ğŸ´ó §ó ¢ó ¥ó ®ó §ó ¿. #ProtectThisHouse,1703,15,2023-06-05 14:43:46+00:00,"[{'username': 'underarmourfc', 'followers': 100728}, {'username': 'alexgreenwood5', 'followers': 440836}]"
8380175,3115626948165084884,2,We see you. We support you. We stand by you. ğŸŒˆ,2475,150,2023-06-01 15:03:59+00:00,"[{'username': 'chloelogarzo', 'followers': 45979}]"
8380175,3115069878570722638,1,"@stephencurry30 ğŸ¤ @jordanspieth

The 3x Major winner and 4x NBA Champion were out on the course today for the @memorialgolf Pro-Am. #ProtectThisHouse",4771,34,2023-05-31 20:34:48+00:00,"[{'username': 'jordanspieth', 'followers': 1852211}, {'username': 'currybrand', 'followers': 463678}, {'username': 'stephencurry30', 'followers': 53705926}]"
8380175,3114893563502779248,8,"#FITCHECK If you had to pick one, which item are you copping? ğŸ‘€",3045,21,2023-05-31 14:44:30+00:00,[]
8380175,3114205696623159220,8,"Level up from the ground up with #UASlipSpeed.
ğŸ’ª: @nickmercs",8224,104,2023-05-30 15:57:50+00:00,"[{'username': 'nickmercs', 'followers': 2645849}]"
8380175,3113732370632770155,8,"2 teams, 2 ğŸ†â€™s, 1 sqUAd. Congratulations to @ndlacrosse and @nu_lax, your 2023 menâ€™s and womenâ€™s lacrosse National Champions!

#GoIrish #GoCats #ProtectThisHouse",2235,22,2023-05-30 00:17:25+00:00,"[{'username': 'nu_lax', 'followers': 31995}, {'username': 'ndlacrosse', 'followers': 120815}]"
8380175,3110553577617144793,8,"Nothing says #ThrowbackThursday more than #Forge96. 
ğŸ“¸: @shoezen.one",3463,51,2023-05-25 15:01:43+00:00,[]
8380175,3109853504513198918,2,One shoe. Infinite workouts. Reach new heights in the #UAFLOW Dynamic training shoe.,3086,83,2023-05-24 15:54:07+00:00,"[{'username': 'bwitter15', 'followers': 127709}, {'username': 'miriamsylla', 'followers': 142094}]"
8380175,3109102733403632918,8,These shorts are built differentğŸ˜¤ INTRODUCING... the UA Unstoppable 7âƒ£ Pocket Shorts.,3216,213,2023-05-23 14:59:09+00:00,"[{'username': 'msubearsfb', 'followers': 5285}, {'username': 'dbt.nana', 'followers': 3031}]"
8380175,3108388392971454642,2,"Train without excuses. When things are heating up in the gym, take a cue from @anthonyjoshua and @angonxoâ€”stay cool with UA Iso-Chillâ„ï¸",2408,35,2023-05-22 15:22:44+00:00,"[{'username': 'anthonyjoshua', 'followers': 15655268}, {'username': 'angonxo', 'followers': 117795}]"
8380175,3106172833730940481,2,"â€œI joined Under Armour because I felt like there was something special hereâ€

From 5-Star All-American to Maryland Terps legend to the #2 pick in the WNBA Draft, @diamondm1ller was born to shine. Welcome to the sqUAd.",2406,40,2023-05-19 14:00:07+00:00,"[{'username': 'uabasketball', 'followers': 1757095}, {'username': 'diamondm1ller', 'followers': 22530}]"
8380175,3105480351137533618,2,Major Fits. Link in bio to shop @jordanspiethâ€™s looks for the @pgachampionship,1302,7,2023-05-18 15:12:24+00:00,"[{'username': 'jordanspieth', 'followers': 1852211}]"
8380175,3104959453863304103,2,72 holes from History. @jordanspeith looks to become only the 6th player EVER to complete the career Grand Slam at this weeks @pgachampionship,1708,22,2023-05-17 21:48:56+00:00,"[{'username': 'jordanspieth', 'followers': 1852211}]"
8380175,3104770271954011318,2,"No, youâ€™re not being catfished. This shoe really can do it all! #UASlipSpeed ğŸƒ: @nevschulman",5138,65,2023-05-17 15:32:40+00:00,"[{'username': 'nevschulman', 'followers': 1800141}]"
8380175,3104033409307216159,8,STYLE ğŸ¤ PERFORMANCE. Embrace the power of femininity with UAâ€™s latest innovations: The SportDress and SportSkort.,2940,40,2023-05-16 15:07:19+00:00,"[{'username': 'underarmourwomen', 'followers': 928967}, {'username': 'marylandwlax', 'followers': 59921}, {'username': 'towson_wbb', 'followers': 3911}, {'username': 'koriedmondson_', 'followers': 4219}, {'username': 'quinziafulmore', 'followers': 2440}]"
8380175,3102733164347037183,8,"Thank you, mom.ğŸŒ·âš¾ï¸ #MothersDay",4702,72,2023-05-14 20:03:57+00:00,"[{'username': 'bryceharper3', 'followers': 1783975}]"
8380175,3101168985664654441,8,ğŸ‘Ÿ> ğŸ’ The Curry 1 Low FloTro â€œMotherâ€™s Dayâ€ is dedicated to momâ€™s everywhere. Available now through the link in bio.,22059,117,2023-05-12 16:16:13+00:00,"[{'username': 'stephencurry30', 'followers': 53705926}, {'username': 'underarmour', 'followers': 8380175}]"
8380175,3100406798671296565,2,All it takes is all Uâ€™ve got. The 305 PR5 training shoes are built to outwork the competition and put in the work for your team.,5582,53,2023-05-11 15:09:15+00:00,"[{'username': 'projectrock', 'followers': 994080}, {'username': 'therock', 'followers': 388785333}]"
8380175,3099686839773844152,8,Introducing the @projectrock #UAMeridian Bodysuit. The one-and-done workout gear so you can keep crushing it in style.,2358,46,2023-05-10 15:11:27+00:00,"[{'username': 'projectrock', 'followers': 994080}, {'username': 'lindseyvonn', 'followers': 2216538}, {'username': 'underarmour', 'followers': 8380175}]"
8380175,3098906838397683817,8,"â€œI am proud to join Under Armour and become part of a team that feels like a family.â€

From representing Canada at the FIFA World Cup to playing for Manchester United FC, @JaydeRiviere already has a storied international career and sheâ€™s just getting started. Welcome to the sqUAd, Jayde! ğŸ”¥ âš½

Link in bio to learn more.",2753,25,2023-05-09 13:21:44+00:00,"[{'username': 'jayderiviere', 'followers': 36381}, {'username': 'underarmourfc', 'followers': 100728}]"
8380175,3098262724937354069,8,@Bryceharper3's custom â€˜Phanatic Patch Packâ€™ cleats are ğŸ”¥,4426,31,2023-05-08 16:02:00+00:00,"[{'username': 'bryceharper3', 'followers': 1783975}]"
8380175,3096029342957870506,8,"Old-school cool meets new-age style. '96 is back. #UAForge96
ğŸ“¸: @thegreat978",4882,65,2023-05-05 14:04:40+00:00,[]
8380175,3095340572088507427,8,"The @ProjectRock 5 '305' Training Shoes are here! Cop this limited release pair, inspired by @TheRockâ€™s days as a football player.",18901,144,2023-05-04 15:16:12+00:00,"[{'username': 'projectrock', 'followers': 994080}]"
8380175,3094609881932579427,2,"Heel up to train, heel down to recover. @Nickmercs uses #UASlipSpeed to perform at the highest level from his gaming chair to the gym floor. ğŸ®",29477,360,2023-05-03 15:05:10+00:00,"[{'username': 'nickmercs', 'followers': 2645849}]"
8380175,3094126855825939255,2,EMVPIID. Congratulations to @joelembiid - your 2022-2023 KIA @nba MVP. #ProtectThisHouse,3354,28,2023-05-02 23:05:55+00:00,"[{'username': 'joelembiid', 'followers': 7310356}, {'username': 'underarmour', 'followers': 8380175}]"
8380175,3094126439963928772,8,The Process â¡ï¸ Most Valuable Player. Congratulations to @joelembiid on being named the 2022 - 2023 KIA NBA MVP #ProtectThisHouse,5572,35,2023-05-02 23:03:56+00:00,"[{'username': 'joelembiid', 'followers': 7310356}, {'username': 'uabasketball', 'followers': 1757095}]"
8380175,3093202770728151655,8,"The 3rd Edition of 5.
ğŸ¨ Customized exclusively for @trentarnold66

ğŸŸ¢ğŸ”µ The Trent Alexander-Arnold 66 Collection",2719,16,2023-05-01 16:28:46+00:00,"[{'username': 'trentarnold66', 'followers': 10132543}, {'username': 'underarmour', 'followers': 8380175}]"
8380175,3093038094828552911,2,"â€œItâ€™s very important to me to protect my identity and the people I represent.â€ @MaroItoje has become a role model for rugby players around the world, all while never losing sight of his roots. #ProtectThisHouse",2668,31,2023-05-01 11:04:31+00:00,"[{'username': 'maroitoje', 'followers': 305043}]"
8380175,3092662638530309871,8,House PROTECTED.,9990,89,2023-04-30 22:35:37+00:00,"[{'username': 'uabasketball', 'followers': 1757095}, {'username': 'currybrand', 'followers': 463678}, {'username': 'stephencurry30', 'followers': 53705926}]"
8380175,3089773222535358365,8,@jjettas2 pulled up to OUR HOUSE. âœˆï¸ğŸ”¥,2014,7,2023-04-26 22:54:52+00:00,"[{'username': 'uafootball', 'followers': 500425}, {'username': 'jjettas2', 'followers': 1567311}]"
8380175,3089540778669584042,8,Matching sets hit differentğŸ”¥,2017,26,2023-04-26 15:13:03+00:00,"[{'username': 'underarmour', 'followers': 8380175}]"
8380175,3088809741888052902,2,"It all starts with Day One. Gear up, show up, and get to work in the latest #ProjectRock 5 training shoe.",9501,97,2023-04-25 15:02:20+00:00,"[{'username': 'projectrock', 'followers': 994080}, {'username': 'therock', 'followers': 388785333}]"
8380175,3088143471253623801,2,"Practice makes progress.
Â 
#XFL | #UnderArmour | #UAFootball",2135,17,2023-04-24 16:57:46+00:00,"[{'username': 'xfl', 'followers': 709890}]"
8380175,3086001277180275982,8,The @uanext.londonÂ program has arrived. ğŸ’ª@AnthonyJoshua opened our new Under Armour London Brand House and UA Next Academy. Come see how we are developing and supporting Londonâ€™s young athletes.Â #BeTheNext,5395,32,2023-04-21 18:00:41+00:00,"[{'username': 'anthonyjoshua', 'followers': 15655268}, {'username': 'uanext.london', 'followers': 3508}]"
8380175,3085910380023864332,2,"In the gym or on the go, @rakimjarrett needs a shoe that can keep up with his @nfldraft prep. #UASlipSpeed ğŸ‘Ÿ",5384,37,2023-04-21 15:00:53+00:00,"[{'username': 'rakimjarrett', 'followers': 30599}]"
8380175,3085202731573680678,2,"A color for every day of the week ğŸŒˆ #UASlipSpeed is now available in even more colorways, so you can train & recover in style.",12257,91,2023-04-20 15:37:46+00:00,[]
8380175,3083789152612648987,8,FOR ATHLETES ONLY,2893,96,2023-04-18 16:45:35+00:00,"[{'username': 'underarmour', 'followers': 8380175}, {'username': 'cxmerin', 'followers': 5398}]"
8380175,3083739476786705033,8,"â€œWhatever dream youâ€™re chasing, no matter how long youâ€™ve been at it, or how long it might take you: The true test will always be today. Itâ€™s either One Day, or Day One.â€ â€“ Dwayne Johnson",5756,53,2023-04-18 15:06:53+00:00,"[{'username': 'projectrock', 'followers': 994080}, {'username': 'therock', 'followers': 388785333}]"
8380175,3080837879757507035,2,"Itâ€™s not where you show up, but HOW you show up. Leave your legacy in the latest @ProjectRock gear, out now!",4971,58,2023-04-14 15:03:22+00:00,"[{'username': 'projectrock', 'followers': 994080}, {'username': 'therock', 'followers': 388785333}]"
8380175,3080123786574481715,2,"Marathon-winning speed ğŸ”¥ Meet the #UAFlow Velociti Elite, @underarmourâ€™s first carbon-plated racing shoe. Get â€˜em while theyâ€™re hot!",2027,21,2023-04-13 15:24:32+00:00,"[{'username': 'uarunning', 'followers': 394485}, {'username': 'shazrine', 'followers': 11231}]"
8380175,3079410610555465599,8,THEE Jackson State University. ğŸ… The Blue & White Spring Game is right around the corner! #GuardTHEEYard,3110,31,2023-04-12 15:46:12+00:00,"[{'username': 'gojsutigersfb', 'followers': 246508}, {'username': 'jacksonstateu', 'followers': 92739}, {'username': 'gojsutigers', 'followers': 32724}]"
8380175,3078691544979722881,2,"Itâ€™s more than a rally cry. Itâ€™s a promise to do whatever it takes for your team, your family. #ProtectThisHouse",2256,34,2023-04-11 16:04:56+00:00,"[{'username': 'aliyah.boston', 'followers': 191122}, {'username': 'stephencurry30', 'followers': 53705926}, {'username': 'kelseyplum10', 'followers': 705958}]"
8380175,3078614427700924649,2,"Never forget where you came from. For @ToniRuediger - the values instilled in him from overcoming barriers as young player on the concrete pitches of Berlin have been carried with him on his journey to the top of his game, and will always be in focus as he finds success playing every game like itâ€™s his last.",3242,17,2023-04-11 13:25:41+00:00,"[{'username': 'toniruediger', 'followers': 7284463}, {'username': 'underarmour', 'followers': 8380175}]"
8380175,3077899954690265293,8,"The 2nd Edition of 5.
ğŸ¨ Customized exclusively for @trentarnold66

ğŸŸ¢ğŸŸ£ The Trent Alexander-Arnold 66 Collection",3573,29,2023-04-10 13:44:48+00:00,"[{'username': 'trentarnold66', 'followers': 10132543}, {'username': 'underarmour', 'followers': 8380175}]"
8380175,3075004853743995488,2,Pairs nicely with a green jacket. Tap to shop @jordanspiethâ€™s 2023 Masters looks ğŸŒ¸,1950,35,2023-04-06 14:06:50+00:00,"[{'username': 'jordanspieth', 'followers': 1852211}]"
